CO(GT),NMHC(GT),C6H6(GT),NOx(GT),NO2(GT),T,RH,AH
2.6,150.0,11.9,166.0,113.0,13.6,48.9,0.7578
2.0,112.0,9.4,103.0,92.0,13.3,47.7,0.7255
2.2,88.0,9.0,131.0,114.0,11.9,54.0,0.7502
2.2,80.0,9.2,172.0,122.0,11.0,60.0,0.7867
1.6,51.0,6.5,131.0,116.0,11.2,59.6,0.7888
1.2,38.0,4.7,89.0,96.0,11.2,59.2,0.7848
1.2,31.0,3.6,62.0,77.0,11.3,56.8,0.7603
1.0,31.0,3.3,62.0,76.0,10.7,60.0,0.7702
0.9,24.0,2.3,45.0,60.0,10.7,59.7,0.7648
0.7,8.0,1.1,16.0,28.0,11.0,56.2,0.7366
0.7,16.0,1.6,34.0,48.0,10.5,58.1,0.7353
1.1,29.0,3.2,98.0,82.0,10.2,59.6,0.7417
2.0,64.0,8.0,174.0,112.0,10.8,57.4,0.7408
2.2,87.0,9.5,129.0,101.0,10.5,60.6,0.7691
1.7,77.0,6.3,112.0,98.0,10.8,58.4,0.7552
1.5,43.0,5.0,95.0,92.0,10.5,57.9,0.7352
1.6,61.0,5.2,104.0,95.0,9.5,66.8,0.7951
1.9,63.0,7.3,146.0,112.0,8.3,76.4,0.8393
2.9,164.0,11.5,207.0,128.0,8.0,81.1,0.8736
2.2,79.0,8.8,184.0,126.0,8.3,79.8,0.8778
2.2,95.0,8.3,193.0,131.0,9.7,71.2,0.8569
2.9,150.0,11.2,243.0,135.0,9.8,67.6,0.8185
4.8,307.0,20.8,281.0,151.0,10.3,64.2,0.8065
6.9,461.0,27.4,383.0,172.0,9.7,69.3,0.8319
6.1,401.0,24.0,351.0,165.0,9.6,67.8,0.8133
3.9,197.0,12.8,240.0,136.0,9.1,64.0,0.7419
1.5,61.0,4.7,94.0,85.0,8.2,63.4,0.6905
1.0,26.0,2.6,47.0,53.0,8.2,60.8,0.6657
1.7,55.0,5.9,122.0,97.0,8.3,58.5,0.6438
1.9,53.0,6.4,133.0,110.0,7.7,59.7,0.6308
1.4,40.0,4.1,82.0,91.0,7.1,61.8,0.6276
0.6,7.0,1.0,30.0,44.0,6.3,65.0,0.6233
0.8,17.0,1.8,56.0,71.0,6.8,62.9,0.6234
1.4,33.0,4.4,109.0,104.0,6.4,65.1,0.6316
4.4,202.0,17.9,307.0,141.0,7.3,63.1,0.6499
3.1,208.0,14.0,187.0,122.0,13.2,41.7,0.632
2.7,166.0,11.6,216.0,143.0,14.3,38.4,0.6243
2.1,114.0,10.2,143.0,113.0,15.0,36.5,0.6195
2.5,140.0,11.0,160.0,116.0,16.1,34.5,0.6262
2.7,169.0,12.8,163.0,123.0,16.3,35.7,0.656
2.9,185.0,14.2,190.0,126.0,15.8,37.0,0.661
2.8,165.0,12.7,178.0,120.0,15.9,37.2,0.6657
2.4,133.0,11.7,150.0,119.0,16.9,34.3,0.6549
3.9,233.0,19.3,206.0,149.0,15.1,39.6,0.6766
3.7,242.0,18.2,202.0,145.0,14.4,43.4,0.7084
6.6,488.0,32.6,340.0,170.0,12.9,50.5,0.7478
4.4,333.0,20.1,274.0,149.0,12.1,53.3,0.7536
3.5,215.0,14.3,253.0,139.0,11.0,59.1,0.774
5.4,367.0,21.8,300.0,134.0,9.7,64.6,0.7771
2.7,122.0,9.6,193.0,113.0,9.5,64.1,0.7597
1.9,67.0,7.4,139.0,97.0,9.1,63.9,0.7423
1.6,43.0,5.4,83.0,82.0,8.8,63.9,0.7256
1.0,30.0,2.6,62.0,65.0,8.3,63.6,0.6982
1.2,27.0,2.9,53.0,60.0,7.2,67.5,0.6887
1.5,47.0,5.1,139.0,77.0,6.3,71.9,0.6932
2.7,132.0,11.8,256.0,96.0,6.5,71.6,0.6945
3.7,239.0,15.1,295.0,119.0,9.6,59.7,0.7124
3.2,160.0,12.9,250.0,126.0,12.4,51.2,0.7335
4.1,283.0,16.1,296.0,158.0,15.6,42.2,0.7451
3.6,210.0,14.0,239.0,161.0,18.4,33.8,0.709
2.8,154.0,12.3,153.0,124.0,19.4,31.3,0.695
2.0,112.0,8.6,118.0,102.0,18.0,34.8,0.7127
2.0,108.0,9.2,119.0,116.0,18.4,33.6,0.7042
2.5,111.0,10.2,138.0,124.0,17.6,35.1,0.7012
2.3,97.0,10.6,148.0,125.0,16.7,37.8,0.7117
3.2,191.0,15.5,227.0,148.0,16.1,41.0,0.7451
4.2,258.0,19.6,277.0,165.0,15.8,42.4,0.7569
4.2,284.0,19.2,279.0,161.0,15.7,44.1,0.7786
4.2,269.0,18.3,283.0,159.0,15.3,46.8,0.8091
3.1,180.0,13.1,214.0,143.0,14.6,48.6,0.806
2.6,116.0,10.9,172.0,130.0,14.7,49.3,0.8193
2.9,93.0,11.0,190.0,129.0,13.9,53.6,0.8498
2.8,131.0,11.9,174.0,119.0,14.6,51.5,0.8536
2.5,92.0,8.6,128.0,104.0,12.5,58.9,0.8537
1.2,32.0,3.7,53.0,70.0,11.5,63.1,0.8533
1.0,29.0,2.5,44.0,63.0,11.6,62.2,0.8473
0.9,27.0,2.4,74.0,67.0,10.4,67.6,0.853
1.4,36.0,4.2,101.0,84.0,11.6,62.7,0.853
1.6,57.0,6.4,118.0,83.0,12.4,60.0,0.8627
2.2,129.0,8.6,144.0,98.0,14.5,53.1,0.8728
2.8,148.0,10.9,176.0,114.0,16.9,46.1,0.8789
2.8,145.0,10.7,161.0,119.0,19.3,38.3,0.8474
2.0,93.0,7.5,113.0,104.0,21.2,31.4,0.7812
1.8,84.0,7.5,103.0,102.0,21.4,30.2,0.7616
1.9,99.0,8.2,112.0,107.0,21.9,29.0,0.7525
3.0,150.0,11.9,170.0,129.0,22.2,28.4,0.7516
2.9,156.0,12.0,180.0,128.0,21.3,30.8,0.7696
2.5,122.0,12.2,160.0,121.0,19.7,36.7,0.8307
4.6,262.0,20.6,261.0,157.0,18.4,41.7,0.8732
5.9,341.0,23.1,325.0,173.0,17.6,46.1,0.921
3.4,214.0,14.7,217.0,146.0,16.7,49.6,0.932
2.1,100.0,9.0,146.0,121.0,16.3,51.0,0.9341
2.2,79.0,8.8,152.0,119.0,14.7,55.9,0.9314
1.8,66.0,7.4,104.0,99.0,14.8,54.7,0.9164
1.8,73.0,6.9,106.0,93.0,14.0,57.0,0.9094
1.8,66.0,7.0,108.0,88.0,13.4,61.3,0.9361
1.0,39.0,3.9,88.0,74.0,11.9,67.4,0.9375
1.4,51.0,6.4,138.0,80.0,11.4,70.5,0.9475
2.2,107.0,9.7,228.0,89.0,11.3,70.2,0.9401
5.5,336.0,25.9,360.0,114.0,12.4,63.9,0.917
8.1,618.0,36.7,478.0,149.0,14.8,54.3,0.9076
5.8,438.0,26.6,394.0,157.0,17.4,45.6,0.8993
4.2,334.0,20.1,319.0,155.0,19.8,38.5,0.8801
3.1,221.0,14.1,201.0,134.0,22.0,34.1,0.8904
2.9,207.0,14.9,171.0,119.0,23.3,32.2,0.9096
2.9,191.0,15.4,159.0,111.0,23.9,30.0,0.8757
2.5,185.0,12.1,153.0,104.0,24.4,28.9,0.8736
2.3,141.0,11.5,143.0,99.0,24.4,29.4,0.8848
2.8,214.0,14.8,156.0,110.0,23.8,31.3,0.9137
6.1,471.0,32.1,314.0,162.0,22.5,35.4,0.9547
8.0,685.0,39.2,404.0,187.0,20.4,42.5,1.0086
6.5,538.0,31.0,320.0,165.0,18.3,52.6,1.0945
4.2,319.0,19.9,256.0,145.0,16.7,57.4,1.0786
3.2,224.0,15.3,193.0,125.0,15.7,60.2,1.0654
1.4,67.0,6.9,89.0,101.0,15.3,61.4,1.058
2.1,155.0,11.1,127.0,103.0,14.1,65.7,1.0494
1.2,49.0,5.4,79.0,88.0,14.8,60.6,1.0148
0.8,29.0,2.8,43.0,61.0,14.8,59.2,0.9879
0.6,17.0,2.0,38.0,52.0,12.8,63.2,0.9283
0.9,27.0,3.5,82.0,64.0,11.2,68.5,0.9081
1.3,50.0,5.1,99.0,70.0,11.0,66.5,0.8705
3.4,218.0,16.2,263.0,97.0,11.7,63.7,0.8719
3.7,285.0,19.7,229.0,95.0,13.6,56.3,0.8743
5.3,437.0,25.1,396.0,150.0,17.8,42.9,0.8672
4.1,327.0,20.0,314.0,162.0,21.4,33.3,0.8417
3.3,283.0,18.3,217.0,154.0,24.4,27.4,0.8231
4.0,366.0,22.3,252.0,161.0,25.3,26.1,0.8264
3.8,318.0,20.4,263.0,161.0,25.8,23.2,0.7589
2.8,228.0,14.6,180.0,128.0,27.0,20.2,0.7094
2.9,201.0,16.6,184.0,129.0,28.2,18.6,0.7014
2.9,199.0,15.8,190.0,133.0,28.0,19.1,0.7098
3.4,237.0,17.8,184.0,139.0,23.9,25.7,0.7519
3.9,261.0,19.1,181.0,137.0,21.3,34.8,0.873
3.2,230.0,15.8,166.0,143.0,20.4,36.7,0.8704
5.1,349.0,24.9,317.0,177.0,19.0,41.3,0.9007
2.6,183.0,13.5,184.0,138.0,17.9,45.9,0.9342
1.7,88.0,9.1,130.0,117.0,16.7,48.9,0.9226
1.7,85.0,8.6,132.0,107.0,15.5,52.9,0.9271
1.2,47.0,5.4,95.0,90.0,15.5,51.9,0.9059
0.9,34.0,4.1,70.0,79.0,14.1,55.6,0.891
0.5,11.0,1.6,28.0,40.0,11.8,58.0,0.8026
0.5,18.0,1.9,46.0,53.0,11.9,57.4,0.7978
1.6,84.0,7.5,160.0,84.0,9.9,65.2,0.7956
4.1,260.0,21.4,320.0,108.0,11.1,60.2,0.7958
6.6,534.0,36.4,377.0,127.0,14.1,50.0,0.802
4.3,368.0,21.3,280.0,134.0,17.7,40.1,0.8048
2.9,200.0,15.4,221.0,135.0,21.1,33.4,0.8265
2.5,145.0,12.5,210.0,142.0,24.3,28.3,0.8471
2.8,188.0,15.1,204.0,153.0,25.6,25.6,0.8254
2.6,152.0,13.7,161.0,123.0,25.9,25.9,0.8503
2.0,103.0,10.4,135.0,104.0,26.8,18.7,0.65
2.9,193.0,15.2,186.0,129.0,29.3,15.8,0.6309
2.5,134.0,12.3,147.0,114.0,28.5,14.9,0.5708
5.0,386.0,27.0,299.0,158.0,25.9,16.0,0.5237
7.6,577.0,38.4,411.0,194.0,23.1,26.5,0.7403
6.7,523.0,35.1,347.0,182.0,20.5,38.2,0.9133
5.7,472.0,27.2,336.0,180.0,19.1,42.6,0.9294
2.8,206.0,15.0,202.0,136.0,17.2,44.1,0.8558
2.6,216.0,15.7,178.0,127.0,16.0,50.9,0.9206
2.3,159.0,13.0,154.0,116.0,14.8,53.9,0.9024
1.4,70.0,8.1,92.0,107.0,14.3,55.4,0.8975
1.0,44.0,5.5,61.0,88.0,14.8,52.1,0.8686
0.6,20.0,2.5,37.0,57.0,12.0,58.9,0.8233
0.7,26.0,3.0,68.0,71.0,10.9,62.1,0.8113
1.5,78.0,7.7,139.0,85.0,10.6,63.3,0.8067
4.7,319.0,23.3,339.0,124.0,11.5,60.0,0.8117
6.6,506.0,35.8,421.0,151.0,14.3,50.6,0.8186
2.3,451.0,11.6,150.0,101.0,21.3,24.2,0.606
2.6,185.0,12.4,138.0,103.0,20.2,28.5,0.6682
3.8,426.0,18.3,213.0,129.0,17.0,43.1,0.8264
4.4,672.0,21.0,232.0,143.0,15.6,47.4,0.8347
4.5,624.0,21.0,238.0,146.0,15.3,47.4,0.8178
3.3,325.0,14.5,180.0,124.0,14.5,49.7,0.8177
2.0,143.0,8.4,128.0,113.0,13.9,52.0,0.8231
1.1,89.0,4.3,65.0,80.0,14.5,49.4,0.8106
0.9,73.0,3.8,53.0,72.0,13.8,51.4,0.8071
0.8,48.0,2.7,47.0,64.0,14.0,51.3,0.8163
0.7,47.0,2.5,51.0,70.0,13.0,56.8,0.8444
0.3,19.0,0.6,13.0,22.0,8.8,80.5,0.9147
0.5,26.0,1.8,33.0,47.0,9.6,75.4,0.9004
1.1,60.0,4.6,103.0,88.0,9.8,75.0,0.9093
3.0,248.0,14.2,224.0,130.0,10.0,74.2,0.9117
3.8,535.0,21.0,244.0,132.0,11.2,69.7,0.9232
3.4,340.0,16.2,237.0,132.0,12.0,62.9,0.8803
3.0,325.0,15.5,220.0,131.0,12.8,55.8,0.821
2.7,267.0,13.4,207.0,129.0,13.1,54.8,0.8234
3.5,325.0,16.9,208.0,132.0,13.8,53.4,0.8351
2.8,268.0,12.4,160.0,110.0,16.0,42.4,0.7674
1.9,136.0,10.1,131.0,99.0,14.1,49.8,0.7971
2.0,118.0,8.7,128.0,100.0,12.0,61.1,0.8537
3.0,276.0,13.8,176.0,122.0,13.6,54.6,0.8465
1.9,151.0,9.3,107.0,97.0,13.7,49.5,0.7695
2.7,236.0,13.0,131.0,112.0,11.7,57.1,0.7822
3.3,220.0,14.3,166.0,128.0,11.5,58.2,0.7867
1.7,87.0,7.6,89.0,101.0,12.6,54.2,0.7881
1.3,81.0,5.3,81.0,96.0,12.0,54.9,0.7664
1.3,74.0,5.4,78.0,86.0,11.0,61.4,0.8057
1.2,55.0,4.9,70.0,85.0,11.1,62.2,0.8199
1.1,74.0,4.6,76.0,79.0,10.8,62.5,0.8082
0.9,35.0,2.7,43.0,61.0,11.3,60.0,0.8025
0.6,20.0,1.2,34.0,54.0,10.9,58.6,0.7628
0.8,32.0,1.7,43.0,57.0,10.8,57.2,0.7382
1.2,84.0,4.8,79.0,75.0,10.4,59.2,0.7455
3.1,245.0,13.8,174.0,97.0,11.0,57.3,0.7501
4.4,553.0,23.7,235.0,110.0,11.2,56.9,0.7565
3.4,450.0,14.2,218.0,113.0,12.1,54.9,0.7734
1.7,118.0,8.0,136.0,88.0,15.1,44.3,0.7535
1.5,118.0,6.7,117.0,85.0,15.6,40.6,0.7146
1.7,144.0,8.7,119.0,96.0,16.9,34.6,0.6597
2.2,159.0,10.8,126.0,106.0,16.6,35.6,0.6697
2.7,230.0,11.4,197.0,126.0,9.6,81.1,0.972
2.8,320.0,13.4,195.0,130.0,11.7,69.1,0.9497
2.7,263.0,12.0,156.0,111.0,10.7,68.5,0.8794
4.5,556.0,20.2,247.0,134.0,10.7,67.3,0.8643
3.5,458.0,14.4,190.0,136.0,10.8,65.7,0.8486
2.6,214.0,9.4,169.0,125.0,10.3,66.3,0.8336
1.7,97.0,5.9,118.0,108.0,10.1,66.9,0.8248
1.3,79.0,4.5,81.0,87.0,10.4,61.1,0.7717
1.3,81.0,4.5,80.0,89.0,10.3,59.9,0.7516
1.0,52.0,2.5,42.0,58.0,11.0,58.4,0.7686
0.7,38.0,1.8,38.0,54.0,9.1,68.1,0.789
0.5,29.0,0.9,18.0,28.0,9.3,72.3,0.8496
0.5,21.0,0.6,12.0,20.0,9.9,66.8,0.8152
0.6,46.0,1.4,43.0,51.0,7.6,83.2,0.8695
1.1,55.0,3.8,84.0,82.0,8.1,79.0,0.8544
2.7,271.0,11.6,184.0,112.0,8.7,74.6,0.8429
3.5,434.0,17.8,202.0,119.0,8.6,75.1,0.8415
2.3,300.0,8.8,133.0,99.0,9.7,69.7,0.8389
1.6,116.0,6.8,130.0,98.0,11.0,64.4,0.8447
1.3,95.0,5.9,106.0,88.0,13.6,53.0,0.8209
2.0,211.0,8.9,132.0,96.0,14.2,48.4,0.778
1.9,168.0,8.2,106.0,81.0,14.2,46.3,0.7438
1.9,154.0,8.6,125.0,92.0,16.0,41.3,0.7462
2.2,267.0,10.1,138.0,105.0,17.7,35.4,0.7094
2.0,143.0,9.4,120.0,88.0,17.1,37.4,0.7225
2.9,374.0,14.6,158.0,103.0,14.9,40.5,0.6835
5.2,797.0,24.6,253.0,141.0,13.4,47.8,0.7293
4.6,698.0,21.6,231.0,133.0,12.6,52.5,0.7642
2.5,234.0,10.3,150.0,119.0,12.2,53.2,0.7555
1.5,104.0,5.7,99.0,106.0,10.6,56.1,0.714
1.2,67.0,4.5,75.0,92.0,9.9,59.5,0.7276
1.7,88.0,5.5,93.0,97.0,9.6,61.1,0.7323
1.4,79.0,4.8,79.0,91.0,9.7,61.6,0.7425
1.2,61.0,3.6,67.0,83.0,9.4,62.6,0.7398
0.7,40.0,2.2,45.0,59.0,8.0,69.4,0.7459
0.8,52.0,3.0,72.0,73.0,7.7,72.4,0.7655
0.9,64.0,4.0,103.0,78.0,8.0,71.8,0.7711
1.6,88.0,6.7,132.0,90.0,8.5,66.3,0.7375
3.4,375.0,16.7,239.0,110.0,9.8,59.6,0.7214
3.8,592.0,19.3,275.0,114.0,11.2,57.0,0.7544
3.1,357.0,14.8,232.0,119.0,14.8,44.1,0.7407
2.7,296.0,13.4,180.0,121.0,16.8,35.3,0.6729
2.0,181.0,11.0,112.0,97.0,19.2,27.1,0.5976
2.3,211.0,12.5,116.0,99.0,19.1,26.2,0.5741
1.9,199.0,8.4,103.0,85.0,16.3,30.8,0.5683
1.3,81.0,5.3,89.0,75.0,14.2,36.8,0.5922
1.9,143.0,8.8,112.0,87.0,13.4,41.0,0.6292
2.3,247.0,11.2,127.0,102.0,14.2,43.3,0.6982
2.4,239.0,11.6,125.0,105.0,12.1,45.6,0.6403
2.7,267.0,12.4,120.0,98.0,10.4,48.0,0.6046
2.6,261.0,10.6,120.0,93.0,10.0,51.1,0.628
1.5,97.0,6.0,99.0,91.0,9.8,50.8,0.6172
1.2,66.0,4.6,79.0,85.0,9.7,50.4,0.6063
1.1,60.0,4.1,66.0,74.0,9.9,50.2,0.6103
1.5,77.0,5.2,94.0,87.0,9.4,53.4,0.63
1.0,57.0,3.2,70.0,79.0,8.6,57.8,0.6488
1.2,65.0,4.5,75.0,78.0,8.1,62.1,0.6746
0.8,27.0,1.9,32.0,48.0,8.2,58.9,0.6444
0.9,25.0,2.4,54.0,59.0,6.3,66.6,0.641
1.1,42.0,3.3,68.0,65.0,7.2,62.9,0.6396
1.5,78.0,6.7,98.0,71.0,7.2,63.9,0.65
1.8,128.0,8.5,128.0,84.0,11.1,50.5,0.6654
2.1,184.0,9.7,129.0,93.0,15.5,36.1,0.6313
2.1,156.0,9.4,130.0,99.0,17.8,29.2,0.592
1.9,176.0,9.0,111.0,93.0,17.6,30.1,0.6013
2.1,232.0,10.0,106.0,96.0,19.1,26.8,0.5861
2.5,305.0,12.6,137.0,114.0,17.7,28.6,0.5735
1.9,150.0,7.6,113.0,101.0,17.8,28.4,0.5737
2.2,188.0,11.8,122.0,108.0,18.7,26.0,0.5555
2.3,221.0,11.2,137.0,117.0,17.1,31.3,0.6038
2.7,219.0,12.4,165.0,125.0,15.8,36.1,0.644
3.0,306.0,12.9,196.0,133.0,14.7,40.1,0.6657
2.8,270.0,12.2,174.0,119.0,13.6,44.9,0.6991
2.2,231.0,8.8,140.0,107.0,12.5,48.1,0.6946
1.6,125.0,6.8,102.0,96.0,11.8,50.8,0.7042
2.1,122.0,8.6,130.0,105.0,10.9,56.1,0.7326
2.3,161.0,8.9,121.0,102.0,10.9,55.9,0.7277
2.3,101.0,8.3,111.0,97.0,10.3,58.1,0.7278
1.7,95.0,6.3,87.0,79.0,9.3,62.2,0.7294
1.3,96.0,5.1,77.0,69.0,8.3,64.9,0.7124
0.8,54.0,2.6,39.0,52.0,9.6,58.5,0.7
1.1,63.0,3.6,77.0,62.0,7.7,66.4,0.699
1.4,72.0,3.6,91.0,69.0,7.4,68.0,0.7043
1.3,91.0,4.7,105.0,75.0,9.7,58.6,0.7035
1.9,127.0,7.5,133.0,83.0,12.5,50.1,0.7242
2.3,193.0,9.0,128.0,94.0,16.8,36.9,0.7018
2.3,188.0,9.5,126.0,96.0,19.2,31.3,0.6887
1.8,151.0,7.7,92.0,86.0,21.3,26.4,0.6607
1.4,103.0,5.7,66.0,72.0,21.2,23.1,0.5768
1.0,55.0,3.8,50.0,53.0,18.6,25.0,0.5319
1.4,104.0,4.8,70.0,65.0,18.0,27.3,0.5594
1.3,116.0,4.3,73.0,70.0,18.2,28.3,0.5848
1.3,93.0,4.1,77.0,75.0,17.0,31.4,0.6048
1.4,93.0,4.7,86.0,86.0,15.6,35.0,0.617
1.9,155.0,6.2,93.0,94.0,14.1,40.2,0.6438
1.8,115.0,5.5,105.0,103.0,13.4,43.2,0.6623
1.1,75.0,3.3,67.0,81.0,12.3,46.8,0.6686
1.1,65.0,3.2,63.0,80.0,11.9,46.5,0.6449
1.1,57.0,2.9,63.0,77.0,11.5,46.6,0.6319
0.9,40.0,2.2,46.0,58.0,10.6,48.0,0.6135
0.6,27.0,1.3,21.0,31.0,10.7,45.8,0.5895
0.5,23.0,1.1,22.0,38.0,10.4,46.6,0.5901
0.6,21.0,1.2,39.0,59.0,11.3,46.9,0.628
0.7,33.0,1.7,55.0,70.0,10.1,51.2,0.6341
0.9,40.0,2.9,76.0,75.0,9.9,50.7,0.6167
2.9,279.0,14.3,181.0,103.0,8.1,56.8,0.615
4.1,743.0,19.7,259.0,134.0,10.9,44.1,0.5748
1.5,147.0,5.5,118.0,98.0,11.8,37.6,0.5184
1.5,97.0,5.6,119.0,97.0,13.9,33.2,0.5222
1.5,118.0,5.8,123.0,98.0,15.6,30.1,0.5285
1.4,91.0,5.5,92.0,78.0,16.5,29.0,0.5406
1.6,146.0,6.5,91.0,83.0,17.5,27.9,0.5517
1.5,139.0,5.5,103.0,92.0,17.9,26.8,0.5446
1.4,155.0,5.2,102.0,81.0,18.2,26.1,0.5387
1.5,128.0,5.8,94.0,90.0,18.0,27.1,0.5522
1.9,166.0,7.9,98.0,95.0,17.0,28.9,0.5558
2.5,299.0,10.2,126.0,114.0,16.1,31.3,0.568
2.1,163.0,8.2,108.0,106.0,14.5,35.4,0.5839
1.6,154.0,5.7,95.0,99.0,13.2,37.9,0.5733
1.2,80.0,3.8,78.0,90.0,13.1,34.4,0.517
1.1,58.0,4.0,61.0,82.0,13.5,28.5,0.4405
1.0,55.0,2.8,55.0,74.0,12.4,31.9,0.4583
1.0,33.0,2.6,57.0,76.0,13.1,26.8,0.4023
0.7,33.0,1.8,41.0,66.0,11.6,33.6,0.4595
0.7,32.0,1.7,46.0,73.0,10.5,42.9,0.5442
0.7,26.0,2.3,52.0,71.0,12.9,33.9,0.5037
1.1,86.0,5.3,111.0,98.0,11.3,40.3,0.5376
2.6,294.0,13.4,191.0,115.0,11.9,38.4,0.5341
4.0,664.0,23.8,244.0,130.0,13.3,35.6,0.5416
4.2,695.0,21.5,283.0,150.0,16.3,28.8,0.5305
4.7,735.0,21.0,320.0,159.0,17.9,28.2,0.5741
3.9,649.0,18.4,249.0,146.0,18.3,26.6,0.5529
3.7,586.0,18.9,219.0,138.0,20.8,22.5,0.5463
3.4,546.0,17.1,200.0,128.0,22.4,20.0,0.5352
2.2,245.0,10.4,138.0,97.0,20.9,21.7,0.5295
1.9,178.0,8.0,118.0,91.0,19.1,26.5,0.579
1.6,130.0,6.2,99.0,81.0,18.1,30.6,0.6295
2.1,151.0,9.7,112.0,99.0,17.3,34.7,0.6788
2.2,272.0,9.6,117.0,101.0,15.8,40.4,0.7228
2.7,301.0,11.9,129.0,106.0,15.9,42.0,0.7541
2.4,237.0,8.7,132.0,102.0,15.9,43.5,0.779
1.3,95.0,4.7,73.0,84.0,15.0,46.1,0.7833
1.2,68.0,3.8,68.0,81.0,15.1,44.6,0.7574
1.5,101.0,4.7,80.0,91.0,14.9,43.5,0.7302
1.3,81.0,3.8,68.0,82.0,14.8,41.0,0.685
1.0,50.0,2.7,44.0,64.0,14.8,40.8,0.6814
0.9,66.0,2.8,47.0,70.0,14.8,40.8,0.6834
0.5,18.0,0.8,15.0,26.0,14.5,36.1,0.5928
0.6,31.0,1.5,44.0,58.0,14.6,36.0,0.5947
1.0,57.0,3.5,85.0,93.0,14.4,38.5,0.6291
3.1,342.0,15.6,207.0,110.0,13.8,58.2,0.9129
4.1,644.0,19.9,230.0,115.0,13.2,61.1,0.9256
2.2,216.0,8.6,181.0,125.0,10.4,74.4,0.9384
1.7,117.0,6.5,144.0,118.0,11.5,71.0,0.9582
1.9,156.0,7.7,140.0,109.0,12.2,70.0,0.9924
2.9,332.0,11.3,204.0,123.0,12.3,73.3,1.0442
2.2,232.0,9.1,149.0,114.0,11.3,78.1,1.0411
2.6,295.0,11.2,171.0,114.0,13.6,69.2,1.0746
3.1,386.0,13.5,195.0,119.0,14.9,59.3,0.9974
2.3,278.0,10.1,152.0,111.0,15.7,50.9,0.8997
2.4,263.0,11.3,128.0,103.0,15.2,52.9,0.9087
2.8,322.0,11.8,121.0,103.0,15.5,50.8,0.8881
2.7,226.0,11.5,142.0,107.0,14.3,52.9,0.8581
2.3,221.0,9.3,131.0,105.0,13.2,56.0,0.8446
1.5,109.0,5.5,81.0,91.0,12.6,57.0,0.8315
1.4,105.0,5.1,60.0,79.0,12.3,57.8,0.8224
1.2,84.0,4.8,57.0,79.0,12.0,58.4,0.8164
1.6,106.0,6.3,96.0,86.0,12.0,61.6,0.8593
1.2,100.0,5.1,85.0,70.0,11.5,63.9,0.8652
1.1,71.0,4.1,50.0,55.0,10.7,67.2,0.863
0.7,44.0,2.4,57.0,49.0,10.2,66.6,0.8299
0.9,45.0,2.9,64.0,50.0,11.0,63.7,0.8325
1.7,134.0,7.4,153.0,67.0,9.6,68.8,0.8243
4.2,505.0,19.8,342.0,94.0,9.5,69.6,0.8273
6.2,1042.0,31.9,378.0,119.0,11.9,60.9,0.8455
4.6,737.0,21.0,304.0,139.0,16.2,48.6,0.8892
2.8,375.0,11.7,192.0,113.0,19.2,39.6,0.8693
1.6,124.0,6.8,130.0,88.0,19.7,38.4,0.8743
1.7,137.0,7.4,106.0,73.0,20.6,36.7,0.8797
1.7,179.0,8.6,102.0,73.0,21.8,33.9,0.8771
3.3,388.0,16.4,163.0,106.0,23.6,27.5,0.7913
4.2,589.0,21.2,211.0,132.0,22.8,32.1,0.8814
5.5,840.0,25.0,267.0,164.0,20.8,36.7,0.8878
4.9,655.0,20.2,269.0,161.0,18.3,40.9,0.8493
2.5,254.0,10.8,154.0,124.0,16.8,44.0,0.8341
2.0,188.0,9.9,127.0,113.0,15.8,48.0,0.8569
2.0,120.0,8.5,122.0,103.0,14.9,52.0,0.8757
2.0,157.0,8.0,126.0,104.0,14.1,54.4,0.8701
1.3,88.0,5.6,84.0,93.0,13.3,58.8,0.8922
1.0,68.0,3.2,58.0,60.0,13.3,60.9,0.9229
0.7,51.0,2.6,56.0,66.0,11.3,72.9,0.9738
1.1,93.0,4.3,91.0,82.0,11.4,71.8,0.9671
2.6,284.0,13.0,159.0,109.0,11.9,73.7,1.0254
3.9,486.0,20.3,190.0,114.0,12.6,70.2,1.0221
5.0,798.0,20.7,249.0,139.0,13.6,65.3,1.0136
3.3,524.0,15.9,196.0,127.0,16.9,52.3,1.0013
2.9,468.0,14.2,180.0,127.0,19.4,44.1,0.9855
3.1,454.0,15.9,167.0,135.0,22.9,33.8,0.9322
3.0,461.0,16.1,159.0,130.0,23.6,31.3,0.9001
2.7,391.0,14.7,152.0,126.0,24.7,30.5,0.9371
2.7,337.0,14.0,149.0,121.0,26.1,27.3,0.9101
2.6,297.0,13.6,143.0,122.0,27.6,22.8,0.8288
3.7,588.0,19.7,185.0,138.0,26.9,22.3,0.7792
4.5,721.0,23.3,223.0,165.0,24.3,30.1,0.9012
4.7,710.0,24.1,215.0,154.0,21.2,40.1,0.9978
5.5,787.0,25.4,271.0,168.0,19.4,42.5,0.9483
3.0,415.0,14.1,180.0,146.0,18.5,43.0,0.9074
1.9,245.0,10.1,115.0,124.0,17.8,47.0,0.9467
2.3,294.0,12.1,149.0,124.0,16.8,53.2,1.01
1.6,139.0,9.0,98.0,106.0,17.1,51.8,0.999
1.3,98.0,6.3,73.0,88.0,16.2,54.2,0.9933
1.2,88.0,5.3,69.0,83.0,15.1,58.2,0.9886
0.8,57.0,3.0,60.0,74.0,14.5,58.0,0.9488
0.8,57.0,3.3,56.0,64.0,13.7,61.6,0.9631
0.9,60.0,3.5,73.0,69.0,13.9,59.6,0.9408
2.0,200.0,9.5,159.0,91.0,13.3,61.7,0.9399
3.0,451.0,15.2,203.0,96.0,15.1,55.8,0.9486
3.1,422.0,14.3,211.0,106.0,17.0,50.5,0.9684
3.1,424.0,14.3,236.0,124.0,15.6,57.4,1.0075
3.0,339.0,13.7,228.0,121.0,16.6,55.2,1.0382
3.2,445.0,15.7,206.0,114.0,17.0,54.3,1.0434
3.1,535.0,15.4,188.0,114.0,18.0,51.5,1.0552
2.5,278.0,12.6,158.0,106.0,19.5,47.5,1.0653
2.1,256.0,9.8,124.0,89.0,21.6,41.7,1.0606
2.0,245.0,9.6,98.0,82.0,22.2,38.3,1.0106
3.2,458.0,16.3,160.0,111.0,20.3,42.8,1.0053
4.1,710.0,19.8,194.0,132.0,19.7,45.4,1.0312
3.9,678.0,18.0,174.0,121.0,18.8,47.5,1.0199
3.1,436.0,13.6,157.0,116.0,17.9,49.4,1.0064
2.0,178.0,8.7,109.0,100.0,17.5,50.9,1.009
1.7,160.0,7.7,85.0,89.0,17.4,51.8,1.023
1.6,177.0,7.3,90.0,92.0,17.0,53.9,1.0363
1.0,101.0,4.1,61.0,71.0,16.6,55.4,1.0408
0.8,66.0,2.7,36.0,51.0,15.9,57.0,1.0224
0.5,40.0,1.5,25.0,39.0,15.0,59.2,1.0059
0.5,39.0,1.8,24.0,35.0,14.1,61.6,0.9883
0.8,62.0,3.4,73.0,64.0,14.6,58.8,0.9711
1.7,120.0,8.5,164.0,94.0,14.4,58.9,0.9594
4.5,599.0,24.1,329.0,134.0,15.3,55.2,0.9538
6.2,1084.0,33.7,302.0,129.0,16.2,52.5,0.9576
4.4,776.0,22.0,256.0,125.0,18.4,46.3,0.9734
2.9,470.0,14.1,182.0,107.0,19.6,41.8,0.9407
1.6,169.0,7.6,105.0,78.0,20.2,40.1,0.937
2.6,304.0,14.5,136.0,91.0,20.9,36.6,0.8939
2.9,405.0,13.6,167.0,116.0,20.4,34.7,0.8229
2.5,297.0,11.5,166.0,131.0,19.3,35.4,0.7813
1.9,220.0,9.2,115.0,113.0,18.6,36.9,0.7829
1.9,226.0,10.3,109.0,98.0,18.8,36.8,0.7883
2.7,456.0,14.0,143.0,116.0,17.5,40.6,0.8068
3.0,470.0,15.0,159.0,120.0,16.8,44.3,0.8428
3.3,503.0,15.1,181.0,126.0,16.3,47.7,0.8746
3.2,459.0,14.8,178.0,126.0,15.6,50.7,0.8947
1.8,227.0,8.5,91.0,90.0,15.7,49.4,0.8768
1.3,152.0,5.9,76.0,81.0,15.8,48.6,0.8653
1.1,94.0,4.8,66.0,74.0,15.7,47.0,0.8325
0.9,93.0,4.0,56.0,67.0,15.7,45.9,0.8121
0.7,49.0,2.3,35.0,46.0,15.6,44.9,0.792
0.4,30.0,1.4,21.0,30.0,15.6,44.4,0.7827
0.3,30.0,0.7,12.0,19.0,15.7,45.4,0.8063
0.3,32.0,0.8,22.0,32.0,15.3,50.1,0.8617
0.8,59.0,3.6,55.0,61.0,14.2,58.6,0.9443
2.8,277.0,12.9,152.0,111.0,14.3,58.2,0.9431
3.1,454.0,15.7,153.0,102.0,15.0,52.0,0.8817
2.3,211.0,8.6,152.0,116.0,13.6,61.4,0.9519
1.6,196.0,7.4,112.0,96.0,16.1,53.1,0.9675
1.5,110.0,6.6,119.0,97.0,16.6,44.3,0.8294
1.6,164.0,7.8,122.0,110.0,17.4,40.3,0.7922
1.8,151.0,9.1,115.0,103.0,18.1,42.2,0.8679
1.4,112.0,6.1,84.0,79.0,14.4,51.8,0.8433
1.9,117.0,7.5,146.0,104.0,10.9,76.4,0.9953
1.2,120.0,5.9,65.0,69.0,16.4,47.7,0.8819
2.3,251.0,12.7,120.0,96.0,18.0,37.1,0.7598
3.3,435.0,13.5,185.0,121.0,14.7,48.7,0.8089
3.1,345.0,14.5,157.0,129.0,11.3,71.3,0.9514
3.3,343.0,11.0,174.0,116.0,10.0,74.0,0.9087
1.2,62.0,3.2,62.0,71.0,9.8,71.8,0.8702
1.3,70.0,4.3,81.0,85.0,9.3,75.2,0.8796
1.9,114.0,7.1,118.0,101.0,9.6,76.0,0.9088
1.4,88.0,4.8,95.0,97.0,9.3,75.0,0.8799
1.5,95.0,5.7,84.0,89.0,9.0,76.7,0.8825
1.1,83.0,4.1,56.0,72.0,8.2,79.6,0.8672
0.8,68.0,2.8,69.0,62.0,8.1,72.1,0.7798
1.1,59.0,4.8,74.0,64.0,8.1,70.4,0.7609
2.6,226.0,13.8,161.0,80.0,8.1,70.5,0.7627
5.1,802.0,27.1,308.0,118.0,9.9,64.3,0.7859
4.2,585.0,19.1,300.0,130.0,13.0,54.2,0.809
2.6,324.0,11.7,189.0,113.0,16.5,42.6,0.7912
2.4,308.0,12.7,164.0,112.0,19.3,34.2,0.7566
2.1,238.0,11.3,122.0,96.0,21.5,27.4,0.6941
2.6,301.0,14.2,166.0,125.0,20.4,26.7,0.6323
2.8,294.0,13.9,181.0,128.0,20.6,22.6,0.5432
2.5,353.0,13.2,127.0,101.0,20.6,24.8,0.5931
1.9,209.0,10.7,106.0,95.0,21.0,25.4,0.6264
3.6,538.0,19.7,192.0,138.0,21.5,24.5,0.6203
4.6,808.0,24.0,241.0,154.0,19.3,28.6,0.6357
6.3,974.0,29.1,326.0,171.0,18.0,32.9,0.6737
4.3,544.0,15.8,232.0,136.0,15.8,39.8,0.7096
1.6,138.0,7.0,92.0,93.0,15.3,41.5,0.7194
1.4,92.0,6.3,95.0,99.0,14.1,46.0,0.7363
2.3,169.0,8.4,157.0,95.0,12.0,67.9,0.9523
1.3,77.0,5.4,83.0,79.0,12.0,66.9,0.9336
1.7,98.0,6.9,118.0,78.0,11.5,70.1,0.9503
1.7,102.0,6.4,101.0,75.0,11.4,69.8,0.939
0.8,69.0,3.3,46.0,52.0,10.8,70.3,0.9092
1.0,89.0,4.0,81.0,55.0,10.2,73.4,0.9129
1.4,134.0,6.0,112.0,65.0,10.8,70.5,0.9142
1.7,157.0,8.2,150.0,72.0,11.0,71.0,0.9279
2.0,167.0,9.9,138.0,76.0,12.4,64.0,0.9206
2.0,157.0,8.8,124.0,84.0,15.0,53.1,0.8993
1.9,172.0,8.4,124.0,90.0,16.6,44.4,0.8313
2.1,114.0,7.5,115.0,89.0,18.0,38.4,0.7862
1.8,166.0,7.8,101.0,87.0,20.6,30.0,0.7213
1.5,94.0,6.4,90.0,88.0,19.9,26.7,0.6137
1.3,108.0,5.1,90.0,81.0,19.8,23.1,0.5283
1.4,98.0,6.9,89.0,89.0,21.4,22.7,0.5722
1.5,132.0,6.8,92.0,91.0,22.1,21.3,0.5605
1.7,144.0,7.4,103.0,104.0,21.1,24.5,0.604
2.0,165.0,8.7,122.0,111.0,18.3,31.6,0.6562
2.5,210.0,11.2,159.0,129.0,16.1,35.0,0.6372
2.4,277.0,10.5,172.0,133.0,14.8,41.5,0.6929
2.0,168.0,8.2,125.0,115.0,13.2,50.3,0.7577
2.9,248.0,11.6,187.0,125.0,12.3,55.5,0.7916
2.5,235.0,9.7,174.0,117.0,11.8,56.6,0.7833
1.4,84.0,5.1,75.0,84.0,11.2,56.2,0.7469
1.2,75.0,4.0,48.0,63.0,11.0,56.6,0.7418
1.0,62.0,3.7,61.0,68.0,9.3,64.3,0.7531
0.7,38.0,2.9,38.0,49.0,7.7,70.7,0.7463
0.8,44.0,2.9,41.0,49.0,7.4,71.0,0.7346
0.9,60.0,3.0,51.0,52.0,8.2,66.6,0.7283
1.1,88.0,3.7,61.0,58.0,8.7,64.3,0.7267
1.0,70.0,3.9,47.0,51.0,13.0,47.9,0.7116
1.6,94.0,6.2,87.0,77.0,17.4,35.4,0.699
1.8,126.0,7.3,107.0,90.0,20.2,29.2,0.683
2.6,181.0,9.2,161.0,118.0,22.7,22.9,0.6224
1.1,66.0,4.0,61.0,70.0,22.3,22.4,0.5955
0.6,54.0,2.3,26.0,35.0,22.2,18.9,0.4993
0.9,48.0,3.1,42.0,46.0,22.0,19.0,0.4969
1.0,66.0,3.2,55.0,58.0,21.0,23.6,0.5788
1.2,65.0,3.3,65.0,61.0,19.6,27.4,0.6162
1.4,68.0,4.0,75.0,80.0,17.9,30.8,0.6258
2.0,118.0,5.7,93.0,93.0,16.4,35.3,0.6532
1.1,65.0,3.4,63.0,78.0,15.6,37.5,0.6575
1.1,63.0,3.5,60.0,76.0,15.5,36.7,0.6438
1.1,61.0,2.9,63.0,74.0,14.5,39.0,0.6428
1.1,63.0,3.1,66.0,81.0,14.2,38.2,0.6163
0.7,31.0,1.6,41.0,58.0,13.7,38.3,0.5957
0.6,29.0,1.1,42.0,59.0,14.1,34.0,0.5442
0.7,34.0,2.0,36.0,54.0,14.6,34.0,0.5605
0.3,9.0,0.7,16.0,25.0,13.9,30.9,0.4868
0.3,14.0,0.5,16.0,26.0,13.5,37.9,0.5852
0.4,23.0,0.7,33.0,49.0,13.9,43.6,0.6871
0.5,36.0,0.9,39.0,53.0,13.5,50.1,0.7706
0.6,39.0,1.5,45.0,57.0,13.3,53.6,0.8169
0.8,38.0,2.2,63.0,73.0,13.4,56.0,0.8576
1.0,55.0,2.9,71.0,78.0,13.0,59.6,0.886
1.3,75.0,3.9,104.0,93.0,12.7,62.7,0.9173
1.1,64.0,2.8,85.0,71.0,12.1,60.5,0.8505
0.6,39.0,1.4,53.0,56.0,11.2,64.4,0.8537
0.7,42.0,1.7,58.0,60.0,10.7,67.6,0.8703
1.2,78.0,3.6,89.0,77.0,11.4,61.2,0.8236
1.4,69.0,3.1,96.0,82.0,9.9,70.5,0.8581
1.2,67.0,3.5,88.0,77.0,10.3,65.2,0.8151
1.3,83.0,3.9,100.0,91.0,11.0,58.9,0.7714
1.8,79.0,5.2,127.0,93.0,10.6,59.5,0.7595
1.2,68.0,3.7,88.0,82.0,10.6,57.7,0.7362
0.8,56.0,2.7,66.0,74.0,10.6,56.1,0.7149
0.8,49.0,2.6,61.0,68.0,10.3,58.0,0.7239
0.8,56.0,2.4,54.0,65.0,10.4,58.4,0.7352
0.7,48.0,2.0,46.0,58.0,10.7,58.2,0.7459
0.5,27.0,1.3,25.0,36.0,10.5,59.9,0.7624
0.3,29.0,1.2,18.0,29.0,10.5,60.8,0.7704
0.3,47.0,0.9,21.0,28.0,11.1,60.1,0.7925
0.7,66.0,3.1,76.0,68.0,10.1,68.4,0.8443
1.6,163.0,6.9,149.0,99.0,10.0,68.7,0.8456
3.9,524.0,19.1,328.0,130.0,11.0,64.2,0.8398
4.5,657.0,22.1,282.0,128.0,12.0,58.1,0.8138
2.7,324.0,11.8,206.0,120.0,12.8,52.0,0.7643
1.6,144.0,7.3,133.0,93.0,12.6,50.8,0.7387
1.6,135.0,8.0,137.0,96.0,13.8,47.4,0.7435
1.6,140.0,7.2,116.0,84.0,15.1,42.7,0.7294
1.5,141.0,7.7,112.0,87.0,16.3,38.1,0.7006
1.8,181.0,9.7,128.0,87.0,16.6,36.7,0.6867
2.1,227.0,9.8,145.0,103.0,15.8,40.5,0.7241
1.7,149.0,7.7,110.0,88.0,16.3,41.8,0.7712
3.0,425.0,15.3,184.0,118.0,16.1,42.8,0.7783
4.6,669.0,21.5,243.0,134.0,15.3,46.8,0.8074
5.0,680.0,21.7,259.0,144.0,14.7,47.0,0.7815
3.5,446.0,14.6,205.0,129.0,14.1,49.6,0.7931
2.1,205.0,9.3,144.0,108.0,13.5,54.1,0.8351
2.1,194.0,9.4,152.0,104.0,12.3,59.2,0.8461
1.5,115.0,6.8,108.0,90.0,11.6,62.2,0.851
1.1,74.0,4.9,64.0,74.0,11.5,61.4,0.8303
0.9,85.0,3.9,73.0,73.0,10.9,64.6,0.8395
0.7,66.0,2.7,47.0,60.0,11.1,63.2,0.8331
0.9,47.0,3.3,79.0,62.0,10.2,65.8,0.8196
1.6,116.0,7.4,113.0,71.0,10.3,65.6,0.8225
3.9,478.0,18.2,263.0,94.0,10.8,64.0,0.8307
5.0,836.0,27.7,275.0,99.0,13.3,55.6,0.8453
4.3,655.0,18.3,263.0,119.0,15.8,46.8,0.8328
2.7,312.0,12.3,183.0,103.0,19.5,34.4,0.7738
2.1,195.0,8.9,147.0,95.0,21.1,30.2,0.745
2.1,238.0,10.4,132.0,95.0,18.4,34.2,0.7185
3.9,536.0,19.1,309.0,114.0,13.5,53.4,0.8196
3.8,481.0,17.3,327.0,127.0,15.0,49.3,0.8364
3.8,460.0,17.5,299.0,135.0,17.1,42.1,0.812
3.9,597.0,17.0,257.0,135.0,18.4,36.9,0.7758
3.5,465.0,17.0,195.0,120.0,19.3,35.4,0.7824
4.0,542.0,19.5,231.0,129.0,19.2,35.7,0.7826
3.0,437.0,14.8,170.0,114.0,21.5,30.4,0.7677
3.1,383.0,14.0,192.0,129.0,19.6,34.6,0.7807
5.2,778.0,24.4,251.0,149.0,19.6,35.5,0.8017
5.9,926.0,28.1,289.0,149.0,18.3,44.1,0.9183
7.3,1189.0,33.7,351.0,158.0,17.4,47.8,0.9392
6.1,824.0,24.2,319.0,148.0,16.8,49.8,0.9446
4.6,660.0,19.8,264.0,134.0,16.2,53.2,0.9723
2.5,203.0,9.3,144.0,111.0,14.9,59.1,0.9928
2.2,136.0,7.3,119.0,106.0,13.9,64.0,1.013
2.0,114.0,7.1,120.0,108.0,13.7,66.8,1.041
1.9,110.0,6.7,96.0,93.0,13.4,69.6,1.0688
1.6,127.0,6.0,77.0,83.0,12.8,71.9,1.0632
1.0,70.0,3.6,63.0,69.0,11.9,74.8,1.038
1.2,93.0,5.4,97.0,77.0,11.6,76.4,1.0415
2.0,179.0,10.0,180.0,87.0,11.7,75.3,1.0325
4.5,523.0,23.2,352.0,109.0,12.8,71.0,1.0428
4.1,546.0,18.7,279.0,116.0,13.8,61.1,0.9595
2.6,251.0,9.9,186.0,105.0,15.3,51.4,0.8886
2.3,222.0,10.2,169.0,106.0,16.6,48.7,0.9146
2.6,212.0,11.0,172.0,108.0,17.6,46.7,0.9324
2.4,263.0,10.5,127.0,100.0,19.2,42.7,0.9425
4.3,535.0,18.9,230.0,149.0,15.7,62.5,1.1092
4.6,609.0,18.9,280.0,148.0,14.5,75.7,1.2425
4.0,449.0,17.5,242.0,126.0,14.4,77.4,1.2654
4.7,536.0,17.7,250.0,140.0,14.6,74.9,1.2391
5.7,743.0,23.0,309.0,142.0,14.6,76.0,1.2573
5.2,575.0,20.4,270.0,141.0,14.0,76.3,1.2166
6.4,783.0,26.8,323.0,149.0,13.9,78.0,1.2303
6.0,706.0,19.9,307.0,140.0,13.8,78.0,1.2229
3.4,299.0,12.5,224.0,117.0,13.5,79.4,1.2224
2.7,159.0,9.6,166.0,103.0,13.1,80.1,1.2016
3.1,171.0,10.0,171.0,99.0,12.8,81.0,1.1915
2.6,162.0,8.1,169.0,100.0,12.7,80.6,1.1819
2.2,111.0,7.1,120.0,88.0,12.5,81.8,1.1838
1.9,134.0,6.4,103.0,83.0,12.7,81.2,1.1849
0.6,46.0,2.9,59.0,59.0,14.2,52.2,0.8413
0.8,56.0,4.9,72.0,67.0,14.3,55.4,0.9003
4.0,452.0,22.6,244.0,95.0,14.0,58.0,0.9202
5.6,880.0,31.1,351.0,123.0,15.4,53.3,0.9289
5.0,759.0,22.1,358.0,142.0,19.1,42.1,0.9233
3.2,394.0,18.3,245.0,142.0,23.7,31.0,0.8968
3.8,639.0,22.0,240.0,169.0,26.9,25.7,0.8942
3.3,541.0,20.1,179.0,142.0,29.7,20.6,0.8478
3.0,468.0,18.9,160.0,136.0,29.2,21.5,0.8573
3.2,483.0,20.6,174.0,147.0,29.6,20.1,0.8181
4.4,682.0,25.3,260.0,196.0,30.0,19.4,0.81
4.6,698.0,25.8,281.0,186.0,29.5,20.1,0.8136
5.2,832.0,30.6,284.0,177.0,27.0,26.8,0.9403
4.8,872.0,27.1,250.0,164.0,24.9,30.8,0.954
5.6,899.0,32.5,281.0,161.0,23.1,36.7,1.0244
4.6,692.0,20.8,230.0,146.0,21.5,40.8,1.0333
1.8,145.0,10.9,98.0,98.0,20.5,41.5,0.9864
2.2,208.0,13.0,121.0,108.0,19.2,44.9,0.9875
2.0,204.0,11.8,110.0,107.0,18.8,47.7,1.0221
2.8,240.0,13.4,161.0,113.0,18.2,49.7,1.0284
2.6,251.0,13.4,148.0,100.0,16.1,57.4,1.0451
1.8,173.0,9.0,109.0,87.0,16.3,55.3,1.0178
0.7,65.0,3.7,71.0,65.0,14.8,57.7,0.9644
0.9,119.0,5.7,75.0,64.0,14.0,59.7,0.9499
1.5,151.0,10.0,106.0,73.0,14.6,56.8,0.9385
2.5,305.0,15.0,166.0,86.0,16.7,51.9,0.9788
3.0,415.0,15.6,188.0,105.0,20.0,45.0,1.039
2.6,321.0,12.3,161.0,107.0,23.9,33.7,0.9837
2.6,358.0,14.4,139.0,114.0,26.8,29.5,1.0209
2.6,350.0,14.6,134.0,105.0,27.2,32.4,1.1493
1.9,238.0,8.7,84.0,74.0,26.9,32.1,1.1217
2.0,215.0,11.0,98.0,95.0,24.3,41.8,1.2561
1.7,192.0,9.0,91.0,89.0,25.6,36.0,1.1629
1.9,205.0,10.7,99.0,95.0,27.0,31.8,1.1176
1.8,165.0,9.9,90.0,93.0,27.5,31.6,1.1417
2.8,283.0,15.7,147.0,123.0,24.9,38.1,1.1838
3.5,467.0,19.4,177.0,134.0,23.4,39.7,1.1276
3.4,485.0,16.8,162.0,126.0,21.2,50.8,1.2631
2.0,202.0,6.8,88.0,79.0,15.6,73.5,1.2953
1.1,64.0,3.0,53.0,54.0,12.9,79.7,1.1774
1.3,71.0,3.2,68.0,69.0,11.5,76.9,1.0436
1.2,84.0,3.1,61.0,67.0,12.2,66.8,0.9455
1.3,70.0,3.9,71.0,73.0,12.4,64.1,0.9209
1.0,61.0,3.6,63.0,73.0,12.7,58.7,0.8605
0.3,20.0,0.7,14.0,20.0,12.5,50.9,0.7346
0.5,31.0,1.1,34.0,37.0,12.8,49.3,0.7285
0.6,41.0,1.4,42.0,50.0,13.5,48.6,0.7487
0.6,40.0,1.6,40.0,45.0,14.4,45.9,0.7476
0.8,35.0,2.3,48.0,48.0,15.1,43.9,0.7487
1.0,44.0,2.5,61.0,56.0,16.6,38.6,0.7236
0.9,71.0,2.7,58.0,58.0,17.2,35.0,0.6789
1.0,66.0,2.7,57.0,52.0,17.4,33.9,0.6683
0.8,46.0,2.2,54.0,52.0,17.9,30.7,0.6234
0.7,50.0,2.0,41.0,44.0,18.3,27.2,0.5675
0.9,51.0,3.4,57.0,59.0,19.4,25.7,0.5738
1.3,64.0,4.5,83.0,74.0,20.2,24.1,0.563
1.4,138.0,4.7,81.0,76.0,19.6,24.9,0.5625
1.5,137.0,6.0,98.0,83.0,18.5,27.8,0.5843
2.7,303.0,11.7,124.0,100.0,17.8,30.3,0.6129
2.5,204.0,8.2,133.0,101.0,16.6,34.0,0.6353
1.4,95.0,5.1,100.0,90.0,15.5,37.0,0.6447
2.8,347.0,13.0,116.0,93.0,14.8,39.5,0.6595
2.1,252.0,7.0,102.0,79.0,14.5,42.0,0.6896
1.1,66.0,3.9,55.0,57.0,14.1,44.9,0.7206
0.7,45.0,2.2,33.0,43.0,14.2,45.5,0.7333
0.4,36.0,1.3,17.0,25.0,14.1,45.3,0.7247
0.4,21.0,1.2,35.0,44.0,13.9,43.9,0.6923
0.8,60.0,3.4,70.0,72.0,14.0,43.8,0.6959
1.9,155.0,7.5,116.0,91.0,14.4,43.6,0.7113
2.1,235.0,8.9,134.0,89.0,15.0,41.7,0.7093
1.4,89.0,5.3,113.0,84.0,16.3,38.4,0.7052
1.4,76.0,5.4,110.0,83.0,18.3,32.3,0.676
1.3,101.0,5.2,98.0,78.0,18.8,31.7,0.6821
1.5,109.0,6.6,96.0,80.0,19.6,30.9,0.6968
1.6,143.0,6.9,95.0,75.0,20.2,30.7,0.7176
1.3,104.0,5.4,86.0,77.0,19.7,32.5,0.7396
1.4,107.0,6.0,86.0,77.0,20.7,31.6,0.7602
1.5,133.0,6.4,91.0,81.0,20.0,32.7,0.7545
2.2,171.0,10.7,119.0,101.0,18.6,35.4,0.7535
3.2,405.0,13.9,147.0,119.0,18.3,35.9,0.7501
3.0,334.0,12.5,135.0,111.0,17.8,37.5,0.7568
2.6,236.0,9.3,124.0,109.0,17.3,38.8,0.7584
1.6,99.0,6.7,89.0,101.0,17.3,38.8,0.7596
1.5,93.0,5.3,79.0,89.0,16.4,40.8,0.7542
1.2,82.0,4.0,63.0,75.0,16.0,41.4,0.7487
0.8,51.0,2.2,39.0,51.0,15.4,43.0,0.7482
0.7,41.0,1.7,25.0,39.0,15.7,42.5,0.7539
0.5,31.0,1.6,19.0,32.0,15.6,43.4,0.7651
0.7,38.0,3.3,58.0,68.0,15.5,47.3,0.8282
1.4,111.0,8.9,112.0,76.0,14.4,53.1,0.8677
4.1,584.0,23.4,314.0,122.0,15.9,48.5,0.8704
4.6,633.0,23.8,240.0,129.0,18.1,40.3,0.8294
1.9,145.0,7.9,128.0,94.0,19.6,35.9,0.81
1.9,155.0,8.2,141.0,99.0,22.8,29.1,0.796
1.7,128.0,8.8,118.0,81.0,24.8,25.3,0.7793
2.4,255.0,14.6,132.0,87.0,27.2,22.0,0.7785
3.0,411.0,18.0,150.0,107.0,28.2,20.4,0.7677
2.0,173.0,12.0,121.0,95.0,25.4,24.2,0.7733
2.7,277.0,14.8,149.0,110.0,25.7,23.8,0.7737
2.2,259.0,12.5,120.0,99.0,27.2,22.1,0.7811
2.9,274.0,15.5,155.0,113.0,27.0,22.3,0.786
3.4,377.0,17.7,172.0,127.0,24.5,27.8,0.8433
3.9,457.0,21.6,177.0,131.0,23.7,30.2,0.8718
3.6,555.0,18.9,181.0,137.0,21.5,34.5,0.8746
2.5,279.0,12.5,135.0,122.0,19.9,37.8,0.8675
1.8,137.0,8.8,99.0,100.0,18.9,40.6,0.8771
2.0,203.0,10.9,111.0,108.0,17.9,43.5,0.884
1.3,101.0,8.0,72.0,83.0,17.4,46.3,0.9112
1.0,86.0,4.4,54.0,74.0,18.1,44.7,0.9186
0.6,51.0,2.8,41.0,64.0,16.5,50.1,0.9331
0.5,33.0,2.5,29.0,39.0,16.3,52.8,0.9722
1.1,95.0,7.5,76.0,69.0,13.9,60.7,0.9597
5.5,754.0,30.4,321.0,104.0,15.0,58.3,0.9876
4.2,588.0,22.0,274.0,100.0,16.1,54.8,0.996
4.6,658.0,24.7,322.0,146.0,19.3,46.4,1.0248
3.4,372.0,18.4,255.0,155.0,24.2,33.8,1.0097
2.8,386.0,16.8,196.0,139.0,26.7,28.7,0.9895
2.5,333.0,14.2,136.0,121.0,27.4,28.2,1.0098
2.4,293.0,15.7,119.0,108.0,28.1,26.9,1.0094
3.2,511.0,21.9,169.0,126.0,27.7,26.5,0.9693
3.5,559.0,20.8,197.0,145.0,28.4,23.4,0.8935
2.9,375.0,16.2,140.0,121.0,28.4,26.0,0.9922
3.6,509.0,19.8,178.0,145.0,27.3,30.0,1.0752
4.8,790.0,28.9,223.0,160.0,24.3,37.3,1.1199
5.4,816.0,28.3,222.0,155.0,23.1,42.2,1.1746
5.3,804.0,24.9,265.0,162.0,21.8,43.6,1.1226
2.7,332.0,13.1,151.0,129.0,19.8,46.8,1.0702
1.4,156.0,8.6,79.0,96.0,19.6,49.8,1.1221
1.6,143.0,9.5,87.0,92.0,17.9,56.2,1.142
1.5,117.0,7.8,88.0,89.0,17.4,55.6,1.0963
1.0,84.0,5.2,51.0,61.0,16.8,59.5,1.1269
0.6,60.0,2.8,34.0,54.0,15.9,60.1,1.0806
0.8,64.0,4.4,76.0,57.0,13.3,67.0,1.0203
1.5,148.0,9.4,139.0,68.0,12.9,66.5,0.9846
4.9,635.0,29.8,293.0,95.0,14.8,61.3,1.0237
7.2,1129.0,36.2,368.0,125.0,16.1,56.5,1.0274
3.5,475.0,18.0,250.0,135.0,18.6,47.8,1.0143
2.1,220.0,10.9,145.0,118.0,23.8,30.2,0.8771
1.5,105.0,9.0,110.0,91.0,25.4,25.0,0.7966
2.0,190.0,14.4,104.0,89.0,25.6,25.5,0.8234
3.8,516.0,22.3,205.0,129.0,24.9,29.9,0.9325
3.4,346.0,20.9,201.0,122.0,22.4,37.9,1.016
4.4,565.0,23.1,266.0,138.0,21.7,44.0,1.1242
3.9,483.0,21.2,246.0,136.0,21.4,44.4,1.1176
4.9,651.0,24.8,247.0,143.0,20.8,45.3,1.1016
5.4,657.0,28.6,271.0,145.0,20.2,48.6,1.1354
6.5,830.0,32.6,332.0,146.0,20.2,50.8,1.1924
4.3,435.0,19.2,245.0,122.0,18.6,57.6,1.2233
2.9,209.0,16.3,180.0,112.0,18.2,58.8,1.2173
2.7,202.0,13.7,156.0,102.0,17.8,61.0,1.2352
2.8,174.0,13.6,172.0,97.0,17.0,70.7,1.3554
2.3,170.0,11.1,137.0,85.0,16.2,76.9,1.4051
1.7,116.0,7.6,91.0,76.0,15.7,78.6,1.3943
1.2,91.0,5.9,80.0,74.0,15.7,78.4,1.3917
0.8,48.0,4.5,68.0,66.0,15.7,74.7,1.3194
1.7,111.0,9.3,162.0,90.0,15.9,73.1,1.3136
3.0,345.0,18.3,213.0,111.0,16.6,68.2,1.2737
3.4,332.0,19.9,161.0,103.0,18.7,57.6,1.2323
3.3,344.0,16.6,209.0,117.0,17.6,65.0,1.2945
2.7,212.0,12.6,191.0,116.0,16.3,73.2,1.3458
2.6,166.0,12.9,215.0,109.0,16.0,78.5,1.4209
3.2,214.0,14.9,212.0,116.0,17.3,72.4,1.4125
3.4,377.0,17.4,202.0,115.0,19.4,60.9,1.3545
2.6,210.0,15.4,153.0,94.0,21.4,50.9,1.2823
3.4,265.0,16.7,185.0,121.0,22.7,45.8,1.2465
4.0,365.0,18.0,210.0,114.0,20.9,60.8,1.4852
4.5,454.0,19.2,215.0,110.0,21.0,54.3,1.3353
4.2,460.0,21.0,215.0,122.0,20.8,54.4,1.3194
5.7,642.0,26.9,281.0,135.0,19.8,58.6,1.3392
4.4,501.0,19.5,254.0,133.0,19.1,61.1,1.3345
3.1,234.0,15.1,189.0,110.0,18.2,65.4,1.3529
3.0,212.0,14.6,174.0,102.0,18.1,66.1,1.3579
3.1,275.0,13.7,167.0,108.0,17.7,66.9,1.3422
3.5,275.0,15.2,185.0,110.0,17.8,66.8,1.346
